s,kW,kW,kW,kW,kW,kW,kW,kW,kW,kW,kg/s
Time,HRR,Q_RADI,Q_CONV,Q_COND,Q_DIFF,Q_PRES,Q_PART,Q_GEOM,Q_ENTH,Q_TOTAL,BURN_RATE
 0.0000000E+000, 0.0000000E+000, 0.0000000E+000, 0.0000000E+000, 0.0000000E+000, 1.5881193E-002, 0.0000000E+000, 0.0000000E+000, 0.0000000E+000, 0.0000000E+000, 1.5881193E-002, 6.6333960E-004
 1.0005616E+000, 1.0830235E+002,-3.7389948E+001,-6.0263308E+001,-2.0624004E+000, 8.9042253E-002, 0.0000000E+000, 0.0000000E+000, 0.0000000E+000, 3.6633814E+000, 8.6757381E+000, 3.5097573E-003
 2.0115123E+000, 2.1185575E+002,-6.8483239E+001,-1.3621178E+002,-3.4892922E+000, 2.2610521E-001, 0.0000000E+000, 0.0000000E+000, 0.0000000E+000, 2.8198650E+000, 3.8975423E+000, 5.8851773E-003
 3.0035212E+000, 2.6574927E+002,-8.3897897E+001,-1.7164059E+002,-6.7023576E+000, 2.4810154E-001, 0.0000000E+000, 0.0000000E+000, 0.0000000E+000, 3.4607046E+000, 3.7565307E+000, 6.4247757E-003
 4.0017853E+000, 3.0860312E+002,-9.7570942E+001,-1.9416404E+002,-1.4887277E+001, 2.5244085E-001, 0.0000000E+000, 0.0000000E+000, 0.0000000E+000, 1.9344883E+000, 2.2333077E+000, 6.5084828E-003
 5.0040622E+000, 3.3015552E+002,-1.0429265E+002,-2.0438161E+002,-2.0993709E+001, 2.5543038E-001, 0.0000000E+000, 0.0000000E+000, 0.0000000E+000, 4.9630151E-001, 7.4298196E-001, 6.5201023E-003
 6.0065384E+000, 2.9725127E+002,-9.4614838E+001,-1.7833954E+002,-2.4207272E+001, 2.5443741E-001, 0.0000000E+000, 0.0000000E+000, 0.0000000E+000, 1.3902809E-001, 3.4405990E-001, 6.5216801E-003
 7.0053492E+000, 2.8933326E+002,-9.2386741E+001,-1.6975539E+002,-2.6091428E+001, 2.5183754E-001, 0.0000000E+000, 0.0000000E+000, 0.0000000E+000, 1.1280301E+000, 1.3515417E+000, 6.5218927E-003
 8.0074043E+000, 3.0029560E+002,-9.6192173E+001,-1.7432156E+002,-2.7927773E+001, 2.5279206E-001, 0.0000000E+000, 0.0000000E+000, 0.0000000E+000, 1.8338293E+000, 2.1068870E+000, 6.5219214E-003
 9.0034828E+000, 3.0091178E+002,-9.6375812E+001,-1.7245794E+002,-3.1408622E+001, 2.5408900E-001, 0.0000000E+000, 0.0000000E+000, 0.0000000E+000, 6.6893627E-001, 9.2348664E-001, 6.5219252E-003
 1.0008891E+001, 2.8815569E+002,-9.2986923E+001,-1.5920455E+002,-3.4673019E+001, 2.5204418E-001, 0.0000000E+000, 0.0000000E+000, 0.0000000E+000, 1.2521402E+000, 1.5432447E+000, 6.5219258E-003
 1.1004298E+001, 3.1658596E+002,-1.0229042E+002,-1.7456305E+002,-3.8389633E+001, 2.5420814E-001, 0.0000000E+000, 0.0000000E+000, 0.0000000E+000, 1.3623857E+000, 1.5970690E+000, 6.5219258E-003
 1.2005379E+001, 3.0367114E+002,-9.8679460E+001,-1.6245292E+002,-4.1572679E+001, 2.5387411E-001, 0.0000000E+000, 0.0000000E+000, 0.0000000E+000, 8.4584562E-001, 1.2199599E+000, 6.5219258E-003
 1.3001212E+001, 2.9359642E+002,-9.5660796E+001,-1.5419662E+002,-4.2757062E+001, 2.5255521E-001, 0.0000000E+000, 0.0000000E+000, 0.0000000E+000, 7.8838727E-001, 1.2344974E+000, 6.5219258E-003
 1.4008770E+001, 3.0010442E+002,-9.7892771E+001,-1.5617675E+002,-4.4755708E+001, 2.5339151E-001, 0.0000000E+000, 0.0000000E+000, 0.0000000E+000, 1.2125266E+000, 1.5325758E+000, 6.5219258E-003
 1.5001331E+001, 2.8788760E+002,-9.4241845E+001,-1.4615233E+002,-4.6739911E+001, 2.5283683E-001, 0.0000000E+000, 0.0000000E+000, 0.0000000E+000, 8.6772116E-001, 1.0063428E+000, 6.5219258E-003
 1.6009468E+001, 2.9326397E+002,-9.6385194E+001,-1.4903775E+002,-4.7499774E+001, 2.5070252E-001, 0.0000000E+000, 0.0000000E+000, 0.0000000E+000, 2.8660759E-001, 5.9195585E-001, 6.5219258E-003
 1.7002764E+001, 3.1420053E+002,-1.0315755E+002,-1.6227428E+002,-4.6938755E+001, 2.3766317E-001, 0.0000000E+000, 0.0000000E+000, 0.0000000E+000, 1.7530660E+000, 2.0676068E+000, 6.5219258E-003
 1.8007761E+001, 2.9848396E+002,-9.8507190E+001,-1.5280066E+002,-4.6580827E+001, 2.1703918E-001, 0.0000000E+000, 0.0000000E+000, 0.0000000E+000, 6.7549489E-001, 8.1232335E-001, 6.5219258E-003
 1.9003199E+001, 2.9569216E+002,-9.7752984E+001,-1.4984854E+002,-4.7352897E+001, 2.1414989E-001, 0.0000000E+000, 0.0000000E+000, 0.0000000E+000, 8.6078899E-001, 9.5188424E-001, 6.5219258E-003
 2.0003965E+001, 2.9742601E+002,-9.8575991E+001,-1.5113792E+002,-4.7216781E+001, 2.0640141E-001, 0.0000000E+000, 0.0000000E+000, 0.0000000E+000, 4.5176825E-001, 7.0171945E-001, 6.5219258E-003
 2.1010052E+001, 3.0072929E+002,-9.9755978E+001,-1.5315951E+002,-4.6639511E+001, 2.0719880E-001, 0.0000000E+000, 0.0000000E+000, 0.0000000E+000, 1.1575809E+000, 1.3814976E+000, 6.5219258E-003
 2.2006203E+001, 2.9887702E+002,-9.9047405E+001,-1.5286338E+002,-4.7033868E+001, 1.9538624E-001, 0.0000000E+000, 0.0000000E+000, 0.0000000E+000,-4.5555521E-003, 1.2775279E-001, 6.5219258E-003
 2.3011351E+001, 3.1021930E+002,-1.0301639E+002,-1.5882750E+002,-4.7183417E+001, 1.8966485E-001, 0.0000000E+000, 0.0000000E+000, 0.0000000E+000, 1.0900607E+000, 1.3816618E+000, 6.5219258E-003
 2.4010824E+001, 2.9549787E+002,-9.8592661E+001,-1.4806040E+002,-4.7570466E+001, 1.9216572E-001, 0.0000000E+000, 0.0000000E+000, 0.0000000E+000, 1.4700810E+000, 1.4665084E+000, 6.5219258E-003
 2.5010506E+001, 3.0770121E+002,-1.0254563E+002,-1.5623795E+002,-4.8406711E+001, 2.2060119E-001, 0.0000000E+000, 0.0000000E+000, 0.0000000E+000, 4.8695802E-001, 7.3152277E-001, 6.5219258E-003
 2.6005585E+001, 2.9304828E+002,-9.8052224E+001,-1.4650078E+002,-4.7747201E+001, 2.1637561E-001, 0.0000000E+000, 0.0000000E+000, 0.0000000E+000, 6.1062428E-001, 9.6445661E-001, 6.5219258E-003
 2.7009066E+001, 3.0776852E+002,-1.0310278E+002,-1.5534349E+002,-4.8124121E+001, 2.0928106E-001, 0.0000000E+000, 0.0000000E+000, 0.0000000E+000, 1.2642566E+000, 1.4074037E+000, 6.5219258E-003
 2.8007660E+001, 3.0774705E+002,-1.0306152E+002,-1.5492636E+002,-4.9291401E+001, 2.2737661E-001, 0.0000000E+000, 0.0000000E+000, 0.0000000E+000, 4.9712175E-001, 6.9514224E-001, 6.5219258E-003
 2.9006992E+001, 2.9547110E+002,-9.9684374E+001,-1.4443264E+002,-4.9841108E+001, 2.3344129E-001, 0.0000000E+000, 0.0000000E+000, 0.0000000E+000, 1.5342151E+000, 1.7464222E+000, 6.5219258E-003
 3.0010086E+001, 2.9642202E+002,-9.9989182E+001,-1.4558213E+002,-4.9994495E+001, 2.3157446E-001, 0.0000000E+000, 0.0000000E+000, 0.0000000E+000, 6.1888362E-001, 1.0877922E+000, 6.5219258E-003
 3.1002539E+001, 2.9015887E+002,-9.8292332E+001,-1.4082162E+002,-4.9694658E+001, 2.2360944E-001, 0.0000000E+000, 0.0000000E+000, 0.0000000E+000, 1.2329417E+000, 1.5738621E+000, 6.5219258E-003
 3.2000557E+001, 3.0497657E+002,-1.0312533E+002,-1.4965035E+002,-5.0733388E+001, 2.3099003E-001, 0.0000000E+000, 0.0000000E+000, 0.0000000E+000, 1.3402085E+000, 1.6984839E+000, 6.5219258E-003
 3.3007896E+001, 3.0865798E+002,-1.0479084E+002,-1.5049914E+002,-5.2341219E+001, 2.3530319E-001, 0.0000000E+000, 0.0000000E+000, 0.0000000E+000, 9.9820831E-001, 1.2620851E+000, 6.5219258E-003
 3.4008163E+001, 2.9099556E+002,-9.9426522E+001,-1.3767185E+002,-5.2790250E+001, 2.3487533E-001, 0.0000000E+000, 0.0000000E+000, 0.0000000E+000, 1.0085161E+000, 1.3418049E+000, 6.5219258E-003
 3.5004250E+001, 3.0031885E+002,-1.0236851E+002,-1.4318709E+002,-5.3855141E+001, 2.3805000E-001, 0.0000000E+000, 0.0000000E+000, 0.0000000E+000, 9.0878863E-001, 1.1461560E+000, 6.5219258E-003
 3.6011417E+001, 3.0036110E+002,-1.0261263E+002,-1.4117315E+002,-5.4726089E+001, 2.3866432E-001, 0.0000000E+000, 0.0000000E+000, 0.0000000E+000, 1.6937176E+000, 2.0878913E+000, 6.5219258E-003
 3.7007446E+001, 3.0105214E+002,-1.0294142E+002,-1.4109444E+002,-5.5494080E+001, 2.3661310E-001, 0.0000000E+000, 0.0000000E+000, 0.0000000E+000, 1.3877698E+000, 1.7588154E+000, 6.5219258E-003
 3.8005604E+001, 2.9074740E+002,-9.9987607E+001,-1.3206643E+002,-5.7414130E+001, 2.3134709E-001, 0.0000000E+000, 0.0000000E+000, 0.0000000E+000, 1.1890763E+000, 1.5105863E+000, 6.5219258E-003
 3.9009178E+001, 3.0710409E+002,-1.0532535E+002,-1.4059713E+002,-5.9867828E+001, 2.1114483E-001, 0.0000000E+000, 0.0000000E+000, 0.0000000E+000, 1.3428933E+000, 1.5249368E+000, 6.5219258E-003
 4.0001183E+001, 2.9083631E+002,-1.0103439E+002,-1.2794270E+002,-6.0687796E+001, 2.0198828E-001, 0.0000000E+000, 0.0000000E+000, 0.0000000E+000, 1.1582078E+000, 1.3734094E+000, 6.5219258E-003
 4.1008759E+001, 3.0476520E+002,-1.0527122E+002,-1.3713993E+002,-6.1202908E+001, 2.1036543E-001, 0.0000000E+000, 0.0000000E+000, 0.0000000E+000, 1.1036079E+000, 1.3615104E+000, 6.5219258E-003
 4.2004257E+001, 3.0309721E+002,-1.0525117E+002,-1.3347094E+002,-6.2949527E+001, 2.0552410E-001, 0.0000000E+000, 0.0000000E+000, 0.0000000E+000, 1.4557580E+000, 1.6310902E+000, 6.5219258E-003
 4.3007042E+001, 3.0275837E+002,-1.0571806E+002,-1.3093869E+002,-6.4379910E+001, 1.8491142E-001, 0.0000000E+000, 0.0000000E+000, 0.0000000E+000, 1.8276564E+000, 1.9066355E+000, 6.5219258E-003
 4.4000969E+001, 3.1094263E+002,-1.0831832E+002,-1.3700348E+002,-6.5102382E+001, 1.6605730E-001, 0.0000000E+000, 0.0000000E+000, 0.0000000E+000, 6.3774175E-001, 6.8450854E-001, 6.5219258E-003
 4.5005852E+001, 2.8907732E+002,-1.0208198E+002,-1.2009038E+002,-6.6084795E+001, 1.2711451E-001, 0.0000000E+000, 0.0000000E+000, 0.0000000E+000, 1.1089282E+000, 9.4727352E-001, 6.5219258E-003
 4.6004528E+001, 3.0161914E+002,-1.0645346E+002,-1.2803252E+002,-6.7046793E+001, 1.1607959E-001, 0.0000000E+000, 0.0000000E+000, 0.0000000E+000, 2.6583417E-001, 2.0245105E-001, 6.5219258E-003
 4.7004944E+001, 3.0673413E+002,-1.0814395E+002,-1.3157567E+002,-6.5637366E+001, 1.2187655E-001, 0.0000000E+000, 0.0000000E+000, 0.0000000E+000, 1.4927793E+000, 1.4990197E+000, 6.5219258E-003
 4.8007679E+001, 2.8924088E+002,-1.0296641E+002,-1.2109755E+002,-6.5129018E+001, 1.1515145E-001, 0.0000000E+000, 0.0000000E+000, 0.0000000E+000, 7.8182512E-002, 1.6304990E-001, 6.5219258E-003
 4.9006508E+001, 3.0669475E+002,-1.0842307E+002,-1.3304569E+002,-6.4175252E+001, 1.4826259E-001, 0.0000000E+000, 0.0000000E+000, 0.0000000E+000, 9.6645910E-001, 1.1990104E+000, 6.5219258E-003
 5.0010742E+001, 3.0368447E+002,-1.0767667E+002,-1.3106802E+002,-6.3652162E+001, 1.8617056E-001, 0.0000000E+000, 0.0000000E+000, 0.0000000E+000, 1.1844575E+000, 1.4737897E+000, 6.5219258E-003
 5.1005615E+001, 2.8783294E+002,-1.0304807E+002,-1.2032567E+002,-6.3974487E+001, 1.9608989E-001, 0.0000000E+000, 0.0000000E+000, 0.0000000E+000, 4.6783209E-001, 6.8080186E-001, 6.5219258E-003
 5.2011097E+001, 3.0255195E+002,-1.0786109E+002,-1.2920558E+002,-6.3695331E+001, 1.8687682E-001, 0.0000000E+000, 0.0000000E+000, 0.0000000E+000, 1.7425930E+000, 1.9768241E+000, 6.5219258E-003
 5.3006195E+001, 3.0525562E+002,-1.0865820E+002,-1.3048875E+002,-6.5146477E+001, 1.7766408E-001, 0.0000000E+000, 0.0000000E+000, 0.0000000E+000, 9.2376957E-001, 1.1398524E+000, 6.5219258E-003
 5.4006943E+001, 2.9452986E+002,-1.0530000E+002,-1.2251894E+002,-6.5901496E+001, 1.4896081E-001, 0.0000000E+000, 0.0000000E+000, 0.0000000E+000, 8.1212841E-001, 9.5838271E-001, 6.5219258E-003
 5.5009205E+001, 3.1010088E+002,-1.1078560E+002,-1.3057094E+002,-6.7593243E+001, 8.6674721E-002, 0.0000000E+000, 0.0000000E+000, 0.0000000E+000, 1.2501746E+000, 1.2377807E+000, 6.5219258E-003
 5.6010277E+001, 2.8290844E+002,-1.0238310E+002,-1.1203593E+002,-6.7637776E+001, 9.8889584E-002, 0.0000000E+000, 0.0000000E+000, 0.0000000E+000, 1.0825111E+000, 9.5052758E-001, 6.5219258E-003
 5.7006012E+001, 3.0900519E+002,-1.1068769E+002,-1.2813559E+002,-6.8664152E+001, 1.3618285E-001, 0.0000000E+000, 0.0000000E+000, 0.0000000E+000, 1.6212730E+000, 1.6539385E+000, 6.5219258E-003
 5.8006538E+001, 2.9712331E+002,-1.0716512E+002,-1.1852552E+002,-7.0530829E+001, 1.3656941E-001, 0.0000000E+000, 0.0000000E+000, 0.0000000E+000, 8.7479846E-001, 1.0384126E+000, 6.5219258E-003
 5.9003262E+001, 3.0394739E+002,-1.1006394E+002,-1.2062920E+002,-7.1535838E+001, 1.3265585E-001, 0.0000000E+000, 0.0000000E+000, 0.0000000E+000, 1.6756825E+000, 1.8510655E+000, 6.5219258E-003
 6.0010082E+001, 3.0893034E+002,-1.1151538E+002,-1.2547051E+002,-7.1458059E+001, 1.7250850E-001, 0.0000000E+000, 0.0000000E+000, 0.0000000E+000, 4.3959974E-001, 6.5889457E-001, 6.5219258E-003
 6.1003555E+001, 2.9832676E+002,-1.0871956E+002,-1.1698116E+002,-7.1235678E+001, 1.5553229E-001, 0.0000000E+000, 0.0000000E+000, 0.0000000E+000, 1.3952493E+000, 1.5458880E+000, 6.5219258E-003
 6.2003262E+001, 2.9217778E+002,-1.0723040E+002,-1.1174100E+002,-7.2662511E+001, 1.3000174E-001, 0.0000000E+000, 0.0000000E+000, 0.0000000E+000, 6.1358388E-001, 6.7387025E-001, 6.5219258E-003
 6.3010086E+001, 3.0861018E+002,-1.1293831E+002,-1.2015731E+002,-7.3284001E+001, 6.6097935E-002, 0.0000000E+000, 0.0000000E+000, 0.0000000E+000, 2.4525672E+000, 2.2966552E+000, 6.5219258E-003
 6.4010139E+001, 2.9131145E+002,-1.0764437E+002,-1.0933516E+002,-7.4546295E+001, 3.6824882E-002, 0.0000000E+000, 0.0000000E+000, 0.0000000E+000, 9.5003319E-002,-1.7754731E-001, 6.5219258E-003
 6.5008171E+001, 2.9920617E+002,-1.0988768E+002,-1.1448861E+002,-7.4329646E+001, 5.6172494E-002, 0.0000000E+000, 0.0000000E+000, 0.0000000E+000, 7.0111140E-001, 5.5640100E-001, 6.5219258E-003
 6.6006874E+001, 2.9317552E+002,-1.0823914E+002,-1.1112819E+002,-7.3556689E+001, 9.5398105E-002, 0.0000000E+000, 0.0000000E+000, 0.0000000E+000, 2.6423252E-001, 3.4689871E-001, 6.5219258E-003
 6.7006584E+001, 3.1187571E+002,-1.1405329E+002,-1.2253266E+002,-7.3366428E+001, 7.5795862E-002, 0.0000000E+000, 0.0000000E+000, 0.0000000E+000, 2.1637927E+000, 1.9991258E+000, 6.5219258E-003
 6.8008919E+001, 3.0049958E+002,-1.1100629E+002,-1.1297685E+002,-7.6228571E+001, 8.7516548E-002, 0.0000000E+000, 0.0000000E+000, 0.0000000E+000, 6.3525508E-001, 3.7538515E-001, 6.5219258E-003
 6.9004318E+001, 2.9545521E+002,-1.0960477E+002,-1.0881140E+002,-7.6536627E+001, 1.0877062E-001, 0.0000000E+000, 0.0000000E+000, 0.0000000E+000, 5.4202651E-001, 6.1118717E-001, 6.5219258E-003
 7.0002037E+001, 3.0059923E+002,-1.1135582E+002,-1.1205077E+002,-7.6160160E+001, 8.4804228E-002, 0.0000000E+000, 0.0000000E+000, 0.0000000E+000, 1.3015056E+000, 1.1172853E+000, 6.5219258E-003
 7.1010681E+001, 2.9633019E+002,-1.1039378E+002,-1.0940849E+002,-7.6410590E+001, 4.4447722E-002, 0.0000000E+000, 0.0000000E+000, 0.0000000E+000, 3.0923593E-001, 1.6178176E-001, 6.5219258E-003
 7.2001610E+001, 3.0019599E+002,-1.1135701E+002,-1.1329039E+002,-7.4763511E+001, 1.3754523E-001, 0.0000000E+000, 0.0000000E+000, 0.0000000E+000, 8.9480813E-001, 9.2262632E-001, 6.5219258E-003
 7.3006981E+001, 2.9649710E+002,-1.1120434E+002,-1.0878885E+002,-7.5359256E+001, 1.1664754E-001, 0.0000000E+000, 0.0000000E+000, 0.0000000E+000, 1.2248529E+000, 1.2613064E+000, 6.5219258E-003
 7.4006653E+001, 3.0611002E+002,-1.1430468E+002,-1.1434229E+002,-7.6096907E+001, 4.5669152E-002, 0.0000000E+000, 0.0000000E+000, 0.0000000E+000, 1.4413398E+000, 1.4118146E+000, 6.5219258E-003
 7.5008339E+001, 3.0821001E+002,-1.1489285E+002,-1.1612690E+002,-7.6339852E+001, 9.8634856E-002, 0.0000000E+000, 0.0000000E+000, 0.0000000E+000, 8.6009566E-001, 9.4904005E-001, 6.5219258E-003
 7.6009056E+001, 3.0059266E+002,-1.1263789E+002,-1.1119596E+002,-7.6376628E+001, 6.6441383E-002, 0.0000000E+000, 0.0000000E+000, 0.0000000E+000, 3.6194314E-001, 4.4862308E-001, 6.5219258E-003
 7.7002846E+001, 2.9984676E+002,-1.1254536E+002,-1.0995029E+002,-7.6654546E+001, 1.1668551E-002, 0.0000000E+000, 0.0000000E+000, 0.0000000E+000, 8.1306820E-001, 7.0823393E-001, 6.5219258E-003
 7.8006790E+001, 2.9347027E+002,-1.1075917E+002,-1.0547642E+002,-7.5847488E+001, 6.3900321E-002, 0.0000000E+000, 0.0000000E+000, 0.0000000E+000, 1.4688591E+000, 1.4510948E+000, 6.5219258E-003
 7.9000008E+001, 3.0588909E+002,-1.1484224E+002,-1.1307846E+002,-7.6912563E+001, 1.3140660E-001, 0.0000000E+000, 0.0000000E+000, 0.0000000E+000, 1.2038201E+000, 1.1872295E+000, 6.5219258E-003
 8.0002953E+001, 2.9792132E+002,-1.1299964E+002,-1.0511229E+002,-7.8781506E+001, 1.3006750E-001, 0.0000000E+000, 0.0000000E+000, 0.0000000E+000, 1.0886509E+000, 1.1579601E+000, 6.5219258E-003
 8.1005524E+001, 2.9137687E+002,-1.1107631E+002,-1.0114680E+002,-7.9095782E+001, 1.2186136E-001, 0.0000000E+000, 0.0000000E+000, 0.0000000E+000, 1.3968198E-001, 1.7982699E-001, 6.5219258E-003
 8.2004974E+001, 3.0498490E+002,-1.1547921E+002,-1.0885476E+002,-7.8832910E+001, 3.3696892E-002, 0.0000000E+000, 0.0000000E+000, 0.0000000E+000, 1.9040594E+000, 1.8517071E+000, 6.5219258E-003
 8.3001350E+001, 3.0687404E+002,-1.1615020E+002,-1.1164493E+002,-7.8890993E+001, 8.7497496E-002, 0.0000000E+000, 0.0000000E+000, 0.0000000E+000, 2.3784176E-001, 2.7541167E-001, 6.5219258E-003
 8.4005867E+001, 2.9898364E+002,-1.1377334E+002,-1.0598246E+002,-7.8317212E+001, 1.2712697E-001, 0.0000000E+000, 0.0000000E+000, 0.0000000E+000, 9.1442787E-001, 1.0377484E+000, 6.5219258E-003
 8.5002617E+001, 2.9270898E+002,-1.1233338E+002,-1.0055863E+002,-7.9325145E+001, 2.0250607E-002, 0.0000000E+000, 0.0000000E+000, 0.0000000E+000, 7.6760031E-001, 5.1207429E-001, 6.5219258E-003
 8.6011543E+001, 3.0984760E+002,-1.1729674E+002,-1.1262860E+002,-7.9339302E+001, 8.1071779E-002, 0.0000000E+000, 0.0000000E+000, 0.0000000E+000, 6.9745769E-001, 6.6402283E-001, 6.5219258E-003
 8.7000504E+001, 2.8463333E+002,-1.0990430E+002,-9.4733106E+001,-7.9463453E+001, 6.2304430E-002, 0.0000000E+000, 0.0000000E+000, 0.0000000E+000, 6.1887477E-001, 5.9477124E-001, 6.5219258E-003
 8.8000183E+001, 3.0636831E+002,-1.1730152E+002,-1.0789717E+002,-7.9857903E+001, 6.3030020E-002, 0.0000000E+000, 0.0000000E+000, 0.0000000E+000, 1.2888401E+000, 1.3747460E+000, 6.5219258E-003
 8.9001678E+001, 3.0121496E+002,-1.1538884E+002,-1.0569909E+002,-7.9864544E+001, 2.0727954E-002, 0.0000000E+000, 0.0000000E+000, 0.0000000E+000, 4.3453948E-001, 2.8320966E-001, 6.5219258E-003
 9.0007957E+001, 2.9785791E+002,-1.1453064E+002,-1.0284099E+002,-7.9697217E+001, 3.2496129E-002, 0.0000000E+000, 0.0000000E+000, 0.0000000E+000, 9.1382089E-001, 8.2156294E-001, 6.5219258E-003
 9.1004822E+001, 2.9486281E+002,-1.1335836E+002,-1.0064025E+002,-7.9631172E+001, 3.4250361E-002, 0.0000000E+000, 0.0000000E+000, 0.0000000E+000, 1.3155941E+000, 1.2672831E+000, 6.5219258E-003
 9.2009018E+001, 3.1799937E+002,-1.2060448E+002,-1.1558952E+002,-8.1217145E+001, 7.2499077E-002, 0.0000000E+000, 0.0000000E+000, 0.0000000E+000, 5.4552431E-001, 6.6072360E-001, 6.5219258E-003
 9.3003349E+001, 2.8691196E+002,-1.1171008E+002,-9.3259464E+001,-8.1110098E+001, 8.6848505E-002, 0.0000000E+000, 0.0000000E+000, 0.0000000E+000, 7.8363823E-001, 9.1916862E-001, 6.5219258E-003
 9.4010017E+001, 3.0223095E+002,-1.1613913E+002,-1.0385035E+002,-8.1129449E+001, 5.6091579E-002, 0.0000000E+000, 0.0000000E+000, 0.0000000E+000, 1.3629639E+000, 1.1681148E+000, 6.5219258E-003
 9.5007629E+001, 2.9240982E+002,-1.1345285E+002,-9.6394349E+001,-8.2786809E+001,-1.5525720E-002, 0.0000000E+000, 0.0000000E+000, 0.0000000E+000, 1.9673219E-001,-2.3971100E-001, 6.5219258E-003
 9.6005905E+001, 3.0228830E+002,-1.1667238E+002,-1.0234317E+002,-8.2601780E+001, 7.0361145E-003, 0.0000000E+000, 0.0000000E+000, 0.0000000E+000, 8.7880191E-001, 6.7800140E-001, 6.5219258E-003
 9.7012283E+001, 2.9746322E+002,-1.1550625E+002,-9.9608404E+001,-8.1723572E+001, 7.3404137E-003, 0.0000000E+000, 0.0000000E+000, 0.0000000E+000, 7.9679493E-001, 6.3232972E-001, 6.5219258E-003
 9.8007149E+001, 3.0658211E+002,-1.1799505E+002,-1.0555476E+002,-8.1846778E+001, 4.1927082E-002, 0.0000000E+000, 0.0000000E+000, 0.0000000E+000, 1.3160797E+000, 1.2274536E+000, 6.5219258E-003
 9.9000519E+001, 3.0392644E+002,-1.1762653E+002,-1.0238534E+002,-8.3039039E+001, 4.7702961E-003, 0.0000000E+000, 0.0000000E+000, 0.0000000E+000, 1.0157688E+000, 8.8029769E-001, 6.5219258E-003
 1.0000804E+002, 2.9183627E+002,-1.1387911E+002,-9.4786063E+001,-8.2872467E+001, 3.2781636E-003, 0.0000000E+000, 0.0000000E+000, 0.0000000E+000, 5.1677252E-001, 3.0191151E-001, 6.5219258E-003
 1.0100685E+002, 3.0913570E+002,-1.1944937E+002,-1.0490165E+002,-8.3844330E+001, 1.0555197E-002, 0.0000000E+000, 0.0000000E+000, 0.0000000E+000, 1.1357076E+000, 9.5090662E-001, 6.5219258E-003
 1.0200305E+002, 2.8647640E+002,-1.1270486E+002,-8.9445130E+001,-8.4019025E+001, 4.8146027E-002, 0.0000000E+000, 0.0000000E+000, 0.0000000E+000, 5.7136348E-001, 3.5553711E-001, 6.5219258E-003
 1.0300548E+002, 3.0774176E+002,-1.1957835E+002,-1.0185307E+002,-8.4611253E+001, 9.3566761E-002, 0.0000000E+000, 0.0000000E+000, 0.0000000E+000, 1.7846992E+000, 1.7926577E+000, 6.5219258E-003
 1.0401068E+002, 3.0690557E+002,-1.1869044E+002,-1.0361594E+002,-8.5187344E+001,-1.6517814E-002, 0.0000000E+000, 0.0000000E+000, 0.0000000E+000,-4.9256895E-001,-6.0467476E-001, 6.5219258E-003
 1.0500587E+002, 2.9572891E+002,-1.1601772E+002,-9.4248389E+001,-8.4741568E+001,-1.4643559E-002, 0.0000000E+000, 0.0000000E+000, 0.0000000E+000, 9.3353862E-001, 7.0659536E-001, 6.5219258E-003
 1.0600580E+002, 3.0074148E+002,-1.1761007E+002,-9.7609645E+001,-8.4718712E+001, 3.3929343E-002, 0.0000000E+000, 0.0000000E+000, 0.0000000E+000, 1.0058346E+000, 8.3698711E-001, 6.5219258E-003
 1.0700244E+002, 2.8960706E+002,-1.1449203E+002,-9.0607142E+001,-8.4154020E+001, 2.2639677E-002, 0.0000000E+000, 0.0000000E+000, 0.0000000E+000, 5.8958897E-001, 3.7650616E-001, 6.5219258E-003
 1.0800370E+002, 3.1158097E+002,-1.2085913E+002,-1.0531424E+002,-8.4393907E+001, 2.9106268E-003, 0.0000000E+000, 0.0000000E+000, 0.0000000E+000, 1.1910938E+000, 1.0165997E+000, 6.5219258E-003
 1.0900009E+002, 2.9648282E+002,-1.1690692E+002,-9.3574666E+001,-8.5378507E+001, 8.1899491E-002, 0.0000000E+000, 0.0000000E+000, 0.0000000E+000, 6.9205553E-001, 7.0463104E-001, 6.5219258E-003
 1.1000651E+002, 3.0029496E+002,-1.1803759E+002,-9.6565079E+001,-8.5716815E+001, 3.0668055E-002, 0.0000000E+000, 0.0000000E+000, 0.0000000E+000, 6.9609686E-002, 6.1417440E-003, 6.5219258E-003
 1.1100552E+002, 2.9200492E+002,-1.1600910E+002,-8.9635739E+001,-8.5300063E+001, 1.7868554E-002, 0.0000000E+000, 0.0000000E+000, 0.0000000E+000, 1.2881575E+000, 1.0778859E+000, 6.5219258E-003
 1.1200156E+002, 3.0726139E+002,-1.2073054E+002,-9.9880708E+001,-8.6202141E+001, 3.2173565E-002, 0.0000000E+000, 0.0000000E+000, 0.0000000E+000, 7.5657143E-001, 4.8017855E-001, 6.5219258E-003
 1.1300561E+002, 2.8088669E+002,-1.1324438E+002,-8.0731916E+001,-8.6286568E+001, 3.6518097E-003, 0.0000000E+000, 0.0000000E+000, 0.0000000E+000, 8.0340063E-001, 6.2747836E-001, 6.5219258E-003
 1.1400179E+002, 3.1773583E+002,-1.2362751E+002,-1.0750074E+002,-8.5964283E+001, 4.0498655E-002, 0.0000000E+000, 0.0000000E+000, 0.0000000E+000, 9.1004774E-001, 6.8379123E-001, 6.5219258E-003
 1.1500391E+002, 3.0580363E+002,-1.2017447E+002,-9.8829520E+001,-8.6561263E+001, 5.3787235E-002, 0.0000000E+000, 0.0000000E+000, 0.0000000E+000, 2.4898982E-001, 2.9216043E-001, 6.5219258E-003
 1.1601045E+002, 3.0724536E+002,-1.2067407E+002,-1.0001126E+002,-8.6449539E+001, 1.0122684E-001, 0.0000000E+000, 0.0000000E+000, 0.0000000E+000, 1.2274249E-001, 2.1172349E-001, 6.5219258E-003
 1.1700147E+002, 2.8818631E+002,-1.1533544E+002,-8.6055834E+001,-8.5836265E+001, 1.0612475E-001, 0.0000000E+000, 0.0000000E+000, 0.0000000E+000, 9.5360700E-001, 1.0648981E+000, 6.5219258E-003
 1.1800100E+002, 2.8944348E+002,-1.1595704E+002,-8.7613658E+001,-8.5058026E+001, 3.2565228E-002, 0.0000000E+000, 0.0000000E+000, 0.0000000E+000, 9.3427663E-001, 8.4732314E-001, 6.5219258E-003
 1.1901289E+002, 3.0952024E+002,-1.2184032E+002,-1.0256423E+002,-8.4652149E+001, 5.7676070E-002, 0.0000000E+000, 0.0000000E+000, 0.0000000E+000, 6.4090622E-001, 5.2121578E-001, 6.5219258E-003
 1.2000570E+002, 3.0035134E+002,-1.1887868E+002,-9.7063932E+001,-8.3977846E+001, 7.6694219E-002, 0.0000000E+000, 0.0000000E+000, 0.0000000E+000, 3.2715132E-001, 5.0757871E-001, 6.5219258E-003
 1.2100237E+002, 3.1123462E+002,-1.2288271E+002,-1.0255276E+002,-8.4347537E+001,-4.5067486E-002, 0.0000000E+000, 0.0000000E+000, 0.0000000E+000, 1.5820628E+000, 1.4065428E+000, 6.5219258E-003
 1.2200466E+002, 2.9963452E+002,-1.1890844E+002,-9.6399820E+001,-8.4828727E+001, 4.4170949E-002, 0.0000000E+000, 0.0000000E+000, 0.0000000E+000,-3.3780767E-001,-4.5830346E-001, 6.5219258E-003
 1.2300020E+002, 3.0220237E+002,-1.1987828E+002,-9.7896598E+001,-8.4274940E+001, 2.7055836E-002, 0.0000000E+000, 0.0000000E+000, 0.0000000E+000, 2.7808047E-001, 1.7961138E-001, 6.5219258E-003
 1.2401027E+002, 2.8626141E+002,-1.1525551E+002,-8.6559725E+001,-8.3543076E+001,-1.4867915E-002, 0.0000000E+000, 0.0000000E+000, 0.0000000E+000, 1.1726891E+000, 8.8823389E-001, 6.5219258E-003
 1.2500951E+002, 3.0680492E+002,-1.2145651E+002,-9.9379250E+001,-8.5177433E+001,-1.0981442E-002, 0.0000000E+000, 0.0000000E+000, 0.0000000E+000, 1.3099300E+000, 7.8075250E-001, 6.5219258E-003
 1.2600317E+002, 2.9701960E+002,-1.1873167E+002,-9.1495018E+001,-8.6540224E+001,-3.6254171E-002, 0.0000000E+000, 0.0000000E+000, 0.0000000E+000, 6.4748528E-001, 2.1643764E-001, 6.5219258E-003
 1.2700000E+002, 2.9499712E+002,-1.1812122E+002,-9.2854590E+001,-8.4603108E+001,-2.7237094E-002, 0.0000000E+000, 0.0000000E+000, 0.0000000E+000,-2.2488122E-001,-6.0903453E-001, 6.5219258E-003
 1.2801128E+002, 2.9989330E+002,-1.1996172E+002,-9.4647057E+001,-8.4010839E+001,-1.3993781E-002, 0.0000000E+000, 0.0000000E+000, 0.0000000E+000, 1.5540460E+000, 1.2596956E+000, 6.5219258E-003
 1.2900699E+002, 3.0459486E+002,-1.2141085E+002,-9.7693350E+001,-8.5355902E+001, 1.2997934E-002, 0.0000000E+000, 0.0000000E+000, 0.0000000E+000, 4.0268562E-001, 1.4775459E-001, 6.5219258E-003
 1.3000154E+002, 3.0641996E+002,-1.2242537E+002,-9.8359721E+001,-8.5763531E+001,-1.0131505E-001, 0.0000000E+000, 0.0000000E+000, 0.0000000E+000, 2.7730785E-001,-2.2997456E-001, 6.5219258E-003
 1.3100473E+002, 3.0201619E+002,-1.2040824E+002,-9.7556805E+001,-8.3987460E+001,-1.2271905E-002, 0.0000000E+000, 0.0000000E+000, 0.0000000E+000, 3.2645078E-001, 5.1410811E-002, 6.5219258E-003
 1.3200473E+002, 3.0901021E+002,-1.2308320E+002,-1.0126432E+002,-8.3808767E+001,-6.3853968E-002, 0.0000000E+000, 0.0000000E+000, 0.0000000E+000, 1.1009661E+000, 7.9007336E-001, 6.5219258E-003
 1.3300717E+002, 2.9188888E+002,-1.1835083E+002,-8.8361080E+001,-8.4536346E+001,-6.1481718E-002, 0.0000000E+000, 0.0000000E+000, 0.0000000E+000, 9.2013071E-001, 5.7913911E-001, 6.5219258E-003
 1.3400690E+002, 3.0105899E+002,-1.2047352E+002,-9.5974479E+001,-8.4207160E+001, 4.6458902E-003, 0.0000000E+000, 0.0000000E+000, 0.0000000E+000, 6.4325247E-001, 4.0847564E-001, 6.5219258E-003
 1.3500719E+002, 3.0309679E+002,-1.2168861E+002,-9.4705498E+001,-8.5859388E+001, 4.6666403E-002, 0.0000000E+000, 0.0000000E+000, 0.0000000E+000, 1.1205960E+000, 8.8996419E-001, 6.5219258E-003
 1.3600858E+002, 2.9384219E+002,-1.1908885E+002,-8.7583428E+001,-8.7419912E+001,-5.0108474E-003, 0.0000000E+000, 0.0000000E+000, 0.0000000E+000,-1.2248228E-001,-2.5500773E-001, 6.5219258E-003
 1.3700343E+002, 3.0466370E+002,-1.2275444E+002,-9.4340003E+001,-8.6740698E+001,-5.2689486E-002, 0.0000000E+000, 0.0000000E+000, 0.0000000E+000, 1.2667192E+000, 7.7586534E-001, 6.5219258E-003
 1.3801122E+002, 2.8777667E+002,-1.1740144E+002,-8.4808384E+001,-8.5827391E+001,-2.9090982E-002, 0.0000000E+000, 0.0000000E+000, 0.0000000E+000, 4.7317386E-003,-2.8963417E-001, 6.5219258E-003
 1.3900755E+002, 3.1198485E+002,-1.2494711E+002,-1.0017994E+002,-8.5196329E+001, 4.3320478E-002, 0.0000000E+000, 0.0000000E+000, 0.0000000E+000, 1.7546299E+000, 1.7047838E+000, 6.5219258E-003
 1.4000920E+002, 3.0919873E+002,-1.2384771E+002,-9.8980011E+001,-8.6002469E+001, 7.5581876E-003, 0.0000000E+000, 0.0000000E+000, 0.0000000E+000, 5.7452370E-001, 3.7609662E-001, 6.5219258E-003
 1.4100533E+002, 2.9812615E+002,-1.2113313E+002,-8.9109043E+001,-8.7871007E+001,-3.6220937E-002, 0.0000000E+000, 0.0000000E+000, 0.0000000E+000, 5.5100715E-001,-2.3245443E-002, 6.5219258E-003
 1.4200262E+002, 2.8938830E+002,-1.1823912E+002,-8.3346525E+001,-8.8016464E+001,-1.6049896E-003, 0.0000000E+000, 0.0000000E+000, 0.0000000E+000, 1.2927245E-001,-2.1540733E-001, 6.5219258E-003
 1.4301219E+002, 3.1012145E+002,-1.2500170E+002,-9.6688900E+001,-8.7564503E+001, 1.2481998E-002, 0.0000000E+000, 0.0000000E+000, 0.0000000E+000, 1.0369202E+000, 8.7882766E-001, 6.5219258E-003
 1.4400783E+002, 2.9620745E+002,-1.2062946E+002,-8.8747033E+001,-8.7002383E+001, 2.4116365E-002, 0.0000000E+000, 0.0000000E+000, 0.0000000E+000, 2.2524892E-002,-1.4731520E-001, 6.5219258E-003
 1.4500870E+002, 2.9499305E+002,-1.2047278E+002,-8.6897779E+001,-8.6807021E+001, 2.3544579E-002, 0.0000000E+000, 0.0000000E+000, 0.0000000E+000, 1.1654807E+000, 8.3901063E-001, 6.5219258E-003
 1.4600029E+002, 3.1064752E+002,-1.2475186E+002,-9.8659202E+001,-8.7280728E+001,-2.3515801E-002, 0.0000000E+000, 0.0000000E+000, 0.0000000E+000, 2.9567231E-001,-6.7788674E-002, 6.5219258E-003
 1.4700525E+002, 2.9517598E+002,-1.2030069E+002,-8.8175921E+001,-8.7221448E+001, 5.6526029E-002, 0.0000000E+000, 0.0000000E+000, 0.0000000E+000,-4.2173054E-001,-4.6554958E-001, 6.5219258E-003
 1.4800232E+002, 2.9814667E+002,-1.2170839E+002,-8.8404125E+001,-8.6261281E+001, 2.5499205E-002, 0.0000000E+000, 0.0000000E+000, 0.0000000E+000, 1.9985716E+000, 1.7983698E+000, 6.5219258E-003
 1.4900459E+002, 2.9343958E+002,-1.1972444E+002,-8.6915264E+001,-8.7566839E+001,-8.2838895E-002, 0.0000000E+000, 0.0000000E+000, 0.0000000E+000,-3.8036300E-001,-8.4980735E-001, 6.5219258E-003
 1.5001320E+002, 2.9722001E+002,-1.2152906E+002,-8.7100158E+001,-8.8003245E+001,-6.3811862E-002, 0.0000000E+000, 0.0000000E+000, 0.0000000E+000, 8.5761113E-001, 5.2373563E-001, 6.5219258E-003
 1.5100267E+002, 3.0789944E+002,-1.2471533E+002,-9.5600448E+001,-8.6876201E+001,-4.5978206E-002, 0.0000000E+000, 0.0000000E+000, 0.0000000E+000, 1.0439225E+000, 6.6148209E-001, 6.5219258E-003
 1.5200462E+002, 3.0536759E+002,-1.2363623E+002,-9.4753131E+001,-8.7310984E+001,-3.5571872E-002, 0.0000000E+000, 0.0000000E+000, 0.0000000E+000, 8.3009678E-003,-3.6832788E-001, 6.5219258E-003
 1.5300781E+002, 2.9638645E+002,-1.2135512E+002,-8.6637757E+001,-8.7816458E+001,-1.0653073E-002, 0.0000000E+000, 0.0000000E+000, 0.0000000E+000, 8.8613167E-001, 5.6645472E-001, 6.5219258E-003
 1.5400905E+002, 2.9519161E+002,-1.2111071E+002,-8.6102104E+001,-8.7565788E+001,-4.5824779E-002, 0.0000000E+000, 0.0000000E+000, 0.0000000E+000, 7.8653283E-001, 3.6718696E-001, 6.5219258E-003
 1.5500351E+002, 3.0505742E+002,-1.2359337E+002,-9.5871004E+001,-8.5949315E+001,-2.4218372E-003, 0.0000000E+000, 0.0000000E+000, 0.0000000E+000,-1.6643504E-001,-3.5869451E-001, 6.5219258E-003
 1.5601186E+002, 3.0431276E+002,-1.2381622E+002,-9.2287444E+001,-8.6775407E+001, 1.7327207E-002, 0.0000000E+000, 0.0000000E+000, 0.0000000E+000, 1.8310516E+000, 1.4510187E+000, 6.5219258E-003
 1.5700124E+002, 2.8861727E+002,-1.1928378E+002,-8.1468407E+001,-8.8708703E+001, 4.9198839E-002, 0.0000000E+000, 0.0000000E+000, 0.0000000E+000,-6.5911427E-001,-7.9442343E-001, 6.5219258E-003
 1.5800256E+002, 3.0476819E+002,-1.2450232E+002,-9.1543917E+001,-8.7664457E+001, 5.6726229E-002, 0.0000000E+000, 0.0000000E+000, 0.0000000E+000, 1.3033520E+000, 1.1142164E+000, 6.5219258E-003
 1.5900385E+002, 3.0288047E+002,-1.2386204E+002,-9.1157883E+001,-8.7061177E+001,-1.1197923E-001, 0.0000000E+000, 0.0000000E+000, 0.0000000E+000, 1.3365619E+000, 6.8738574E-001, 6.5219258E-003
 1.6000601E+002, 3.0477606E+002,-1.2431044E+002,-9.2852054E+001,-8.8061440E+001,-1.0513190E-001, 0.0000000E+000, 0.0000000E+000, 0.0000000E+000,-4.1926629E-002,-5.5299792E-001, 6.5219258E-003
 1.6100391E+002, 3.0827259E+002,-1.2604040E+002,-9.5098645E+001,-8.7304310E+001,-6.0709428E-003, 0.0000000E+000, 0.0000000E+000, 0.0000000E+000, 2.1988798E-001,-1.7682734E-001, 6.5219258E-003
 1.6200055E+002, 2.7817846E+002,-1.1650149E+002,-7.5457784E+001,-8.6877418E+001,-1.0838420E-001, 0.0000000E+000, 0.0000000E+000, 0.0000000E+000,-1.2956092E-001,-7.6662260E-001, 6.5219258E-003
 1.6300487E+002, 3.0887096E+002,-1.2583003E+002,-9.6599504E+001,-8.5775733E+001,-7.7049140E-002, 0.0000000E+000, 0.0000000E+000, 0.0000000E+000, 8.5112861E-001, 5.8864379E-001, 6.5219258E-003
 1.6400125E+002, 2.8629969E+002,-1.1928059E+002,-8.0008889E+001,-8.6387211E+001,-2.6218161E-002, 0.0000000E+000, 0.0000000E+000, 0.0000000E+000, 9.2681682E-001, 5.9677796E-001, 6.5219258E-003
 1.6500313E+002, 3.2100112E+002,-1.2958929E+002,-1.0297107E+002,-8.8392824E+001,-9.6316117E-002, 0.0000000E+000, 0.0000000E+000, 0.0000000E+000, 7.1357661E-001,-4.8376635E-002, 6.5219258E-003
 1.6600706E+002, 3.0224420E+002,-1.2419781E+002,-9.0210097E+001,-8.7813235E+001, 4.6940524E-002, 0.0000000E+000, 0.0000000E+000, 0.0000000E+000, 3.0268081E-001, 6.9995036E-002, 6.5219258E-003
 1.6700714E+002, 2.9180987E+002,-1.2128010E+002,-8.1999250E+001,-8.8022341E+001,-3.1569663E-002, 0.0000000E+000, 0.0000000E+000, 0.0000000E+000, 1.0422944E+000, 4.7660443E-001, 6.5219258E-003
 1.6800551E+002, 3.0067684E+002,-1.2383606E+002,-8.9346378E+001,-8.7701514E+001,-3.8295767E-002, 0.0000000E+000, 0.0000000E+000, 0.0000000E+000, 2.0214687E-001,-2.4541265E-001, 6.5219258E-003
 1.6900412E+002, 2.9691439E+002,-1.2278039E+002,-8.6177458E+001,-8.8020689E+001,-1.7205133E-002, 0.0000000E+000, 0.0000000E+000, 0.0000000E+000, 3.1516906E-001,-8.1354460E-002, 6.5219258E-003
 1.7000073E+002, 3.0485010E+002,-1.2526376E+002,-9.1326989E+001,-8.8518486E+001,-4.0007184E-004, 0.0000000E+000, 0.0000000E+000, 0.0000000E+000, 1.2384061E-001,-2.5954212E-001, 6.5219258E-003
 1.7100383E+002, 2.9324539E+002,-1.2204082E+002,-8.2682128E+001,-8.8360232E+001,-2.3359171E-002, 0.0000000E+000, 0.0000000E+000, 0.0000000E+000, 4.0292193E-001, 1.3884831E-001, 6.5219258E-003
 1.7201115E+002, 2.9640709E+002,-1.2249726E+002,-8.6843625E+001,-8.6806680E+001,-3.5450709E-002, 0.0000000E+000, 0.0000000E+000, 0.0000000E+000, 5.5204522E-001, 2.2406897E-001, 6.5219258E-003
 1.7300912E+002, 3.1127208E+002,-1.2677096E+002,-9.8278078E+001,-8.5793399E+001,-2.0086050E-002, 0.0000000E+000, 0.0000000E+000, 0.0000000E+000, 7.0108060E-001, 4.0956212E-001, 6.5219258E-003
 1.7400490E+002, 3.0911310E+002,-1.2691149E+002,-9.4949418E+001,-8.7135968E+001, 4.9026531E-002, 0.0000000E+000, 0.0000000E+000, 0.0000000E+000, 3.6663294E-001, 1.6524662E-001, 6.5219258E-003
 1.7500934E+002, 3.0208481E+002,-1.2485383E+002,-9.0340541E+001,-8.6934095E+001,-1.4676671E-002, 0.0000000E+000, 0.0000000E+000, 0.0000000E+000, 3.1023153E-001,-5.8324502E-002, 6.5219258E-003
 1.7600426E+002, 2.9546330E+002,-1.2314620E+002,-8.5523549E+001,-8.6493441E+001,-1.0961453E-001, 0.0000000E+000, 0.0000000E+000, 0.0000000E+000, 8.2584149E-001, 1.9048558E-001, 6.5219258E-003
 1.7701196E+002, 2.9232507E+002,-1.2197397E+002,-8.3839447E+001,-8.6628935E+001,-4.4915619E-002, 0.0000000E+000, 0.0000000E+000, 0.0000000E+000, 3.0194393E-001,-1.6220729E-001, 6.5219258E-003
 1.7800702E+002, 3.0960463E+002,-1.2760257E+002,-9.4048095E+001,-8.6951766E+001, 1.3743707E-002, 0.0000000E+000, 0.0000000E+000, 0.0000000E+000, 1.4098542E+000, 1.0159400E+000, 6.5219258E-003
 1.7900539E+002, 2.8752976E+002,-1.2121954E+002,-7.7857387E+001,-8.8962656E+001,-5.4104872E-002, 0.0000000E+000, 0.0000000E+000, 0.0000000E+000, 2.1658518E-001,-5.6392342E-001, 6.5219258E-003
 1.8000383E+002, 3.1398120E+002,-1.2850847E+002,-9.6863533E+001,-8.8052762E+001,-9.8600216E-002, 0.0000000E+000, 0.0000000E+000, 0.0000000E+000, 1.1241203E+000, 4.5783826E-001, 6.5219258E-003
 1.8100351E+002, 2.9026929E+002,-1.2192191E+002,-7.9600524E+001,-8.8890020E+001,-4.9168247E-002, 0.0000000E+000, 0.0000000E+000, 0.0000000E+000, 5.8076332E-002,-1.9233183E-001, 6.5219258E-003
 1.8200888E+002, 3.0896739E+002,-1.2797033E+002,-9.2235582E+001,-8.8578360E+001, 1.9524287E-002, 0.0000000E+000, 0.0000000E+000, 0.0000000E+000, 4.7033540E-001, 2.0264255E-001, 6.5219258E-003
 1.8301060E+002, 2.8668670E+002,-1.2033602E+002,-7.8108417E+001,-8.8378715E+001,-7.6588089E-002, 0.0000000E+000, 0.0000000E+000, 0.0000000E+000, 2.2800364E-001,-2.1304731E-001, 6.5219258E-003
 1.8400264E+002, 3.0454045E+002,-1.2606016E+002,-8.9519935E+001,-8.7642410E+001,-6.7654341E-004, 0.0000000E+000, 0.0000000E+000, 0.0000000E+000, 1.4596207E+000, 1.3172697E+000, 6.5219258E-003
 1.8500995E+002, 2.9616180E+002,-1.2296861E+002,-8.4611334E+001,-8.9649706E+001,-5.6831082E-002, 0.0000000E+000, 0.0000000E+000, 0.0000000E+000,-4.5603360E-001,-1.1246815E+000, 6.5219258E-003
 1.8601164E+002, 2.9162920E+002,-1.2245121E+002,-7.8271470E+001,-9.0235385E+001,-3.5049710E-002, 0.0000000E+000, 0.0000000E+000, 0.0000000E+000, 1.0208726E+000, 6.3608487E-001, 6.5219258E-003
 1.8700488E+002, 3.0871955E+002,-1.2730288E+002,-9.1149445E+001,-9.0159578E+001,-2.9816939E-002, 0.0000000E+000, 0.0000000E+000, 0.0000000E+000, 4.6641617E-001, 7.7832205E-002, 6.5219258E-003
 1.8800294E+002, 3.0651911E+002,-1.2681870E+002,-8.9467739E+001,-9.0008651E+001,-3.3139313E-002, 0.0000000E+000, 0.0000000E+000, 0.0000000E+000, 4.8620386E-001, 1.9089002E-001, 6.5219258E-003
 1.8901259E+002, 2.9290357E+002,-1.2293530E+002,-7.9911593E+001,-9.0202217E+001,-3.8355861E-002, 0.0000000E+000, 0.0000000E+000, 0.0000000E+000, 3.1991015E-001,-1.8388899E-001, 6.5219258E-003
 1.9001367E+002, 3.0381382E+002,-1.2631378E+002,-8.7815524E+001,-9.0283414E+001,-1.0418781E-001, 0.0000000E+000, 0.0000000E+000, 0.0000000E+000,-9.9625059E-002,-7.0307853E-001, 6.5219258E-003
 1.9100655E+002, 3.0552756E+002,-1.2684900E+002,-8.8838680E+001,-8.8734367E+001,-3.2737799E-002, 0.0000000E+000, 0.0000000E+000, 0.0000000E+000, 1.5755452E+000, 1.0727713E+000, 6.5219258E-003
 1.9200206E+002, 2.8880432E+002,-1.2131355E+002,-7.9456326E+001,-8.8980227E+001,-4.9819734E-002, 0.0000000E+000, 0.0000000E+000, 0.0000000E+000,-4.8219549E-001,-9.9560806E-001, 6.5219258E-003
 1.9301146E+002, 2.9783442E+002,-1.2467644E+002,-8.3936032E+001,-8.9321362E+001,-1.1913383E-001, 0.0000000E+000, 0.0000000E+000, 0.0000000E+000, 3.8342046E-001,-2.1853948E-001, 6.5219258E-003
 1.9401164E+002, 2.9803032E+002,-1.2476781E+002,-8.5182053E+001,-8.8366214E+001,-1.0382413E-001, 0.0000000E+000, 0.0000000E+000, 0.0000000E+000, 3.4072430E-001,-3.8958365E-001, 6.5219258E-003
 1.9500378E+002, 3.0664355E+002,-1.2757094E+002,-9.1013646E+001,-8.7842672E+001,-6.7757982E-002, 0.0000000E+000, 0.0000000E+000, 0.0000000E+000, 6.8197200E-001, 1.4852992E-001, 6.5219258E-003
 1.9601158E+002, 3.0730569E+002,-1.2724427E+002,-9.2920899E+001,-8.7219810E+001,-9.1270860E-002, 0.0000000E+000, 0.0000000E+000, 0.0000000E+000, 5.3975008E-001,-1.7055541E-001, 6.5219258E-003
 1.9700319E+002, 2.9515711E+002,-1.2394572E+002,-8.3033308E+001,-8.7817323E+001,-1.0714401E-002, 0.0000000E+000, 0.0000000E+000, 0.0000000E+000, 7.5284410E-001, 3.5004060E-001, 6.5219258E-003
 1.9800139E+002, 2.9633985E+002,-1.2393098E+002,-8.3406493E+001,-8.9273241E+001,-8.9378613E-002, 0.0000000E+000, 0.0000000E+000, 0.0000000E+000, 2.6155473E-001,-3.6024831E-001, 6.5219258E-003
 1.9900980E+002, 3.0632014E+002,-1.2765275E+002,-8.8440434E+001,-8.9662056E+001,-3.5004660E-002, 0.0000000E+000, 0.0000000E+000, 0.0000000E+000, 1.0458312E+000, 5.2989497E-001, 6.5219258E-003
 2.0000424E+002, 3.0191346E+002,-1.2694976E+002,-8.5027891E+001,-8.9624501E+001,-1.1777599E-001, 0.0000000E+000, 0.0000000E+000, 0.0000000E+000, 8.8059664E-001, 1.9353001E-001, 6.5219258E-003
 2.0100139E+002, 3.1311665E+002,-1.2948229E+002,-9.4993339E+001,-8.9575013E+001,-9.6210126E-003, 0.0000000E+000, 0.0000000E+000, 0.0000000E+000,-3.2165692E-001,-9.4361021E-001, 6.5219258E-003
 2.0200471E+002, 2.8272373E+002,-1.2066621E+002,-7.4084567E+001,-8.8695499E+001,-4.0565097E-002, 0.0000000E+000, 0.0000000E+000, 0.0000000E+000,-3.9701863E-001,-7.6311868E-001, 6.5219258E-003
 2.0300499E+002, 2.9186425E+002,-1.2336967E+002,-7.8974693E+001,-8.8764372E+001, 8.5317001E-003, 0.0000000E+000, 0.0000000E+000, 0.0000000E+000, 1.1609456E+000, 7.6405123E-001, 6.5219258E-003
 2.0400006E+002, 3.0186656E+002,-1.2577563E+002,-8.6508584E+001,-9.0424392E+001,-1.1164991E-001, 0.0000000E+000, 0.0000000E+000, 0.0000000E+000,-4.5200044E-001,-9.5370293E-001, 6.5219258E-003
 2.0500732E+002, 3.1069372E+002,-1.2926013E+002,-9.0110542E+001,-9.0089398E+001,-5.5878276E-002, 0.0000000E+000, 0.0000000E+000, 0.0000000E+000, 1.7541395E+000, 1.1777681E+000, 6.5219258E-003
 2.0600926E+002, 2.9290228E+002,-1.2331926E+002,-8.0589060E+001,-8.9330195E+001,-6.0619883E-003, 0.0000000E+000, 0.0000000E+000, 0.0000000E+000,-7.8118817E-002,-3.4229037E-001, 6.5219258E-003
 2.0701289E+002, 3.0036811E+002,-1.2559183E+002,-8.4619012E+001,-9.1092344E+001,-5.8817339E-002, 0.0000000E+000, 0.0000000E+000, 0.0000000E+000,-5.7220646E-001,-9.9390135E-001, 6.5219258E-003
 2.0800278E+002, 2.8691813E+002,-1.2204460E+002,-7.3632066E+001,-9.0706036E+001,-1.8906943E-001, 0.0000000E+000, 0.0000000E+000, 0.0000000E+000, 1.0156828E+000, 3.4635697E-001, 6.5219258E-003
 2.0901306E+002, 3.0965737E+002,-1.2867210E+002,-9.1696120E+001,-8.9223705E+001,-6.9412193E-002, 0.0000000E+000, 0.0000000E+000, 0.0000000E+000, 4.8330449E-001,-3.9702966E-003, 6.5219258E-003
 2.1001709E+002, 2.9057926E+002,-1.2284625E+002,-7.8498410E+001,-9.0227010E+001,-9.1513156E-002, 0.0000000E+000, 0.0000000E+000, 0.0000000E+000,-5.5084497E-001,-1.0839274E+000, 6.5219258E-003
 2.1100568E+002, 3.1962739E+002,-1.3186156E+002,-9.7412173E+001,-8.9419587E+001,-1.0895533E-001, 0.0000000E+000, 0.0000000E+000, 0.0000000E+000, 1.2310410E+000, 8.2511947E-001, 6.5219258E-003
 2.1200195E+002, 3.0306737E+002,-1.2626659E+002,-9.0068426E+001,-8.7480998E+001,-1.9690286E-003, 0.0000000E+000, 0.0000000E+000, 0.0000000E+000,-5.2536736E-001,-7.5061902E-001, 6.5219258E-003
 2.1301083E+002, 2.8712798E+002,-1.2205906E+002,-7.8285337E+001,-8.6394062E+001,-7.4883046E-003, 0.0000000E+000, 0.0000000E+000, 0.0000000E+000, 5.5135056E-001, 3.8203168E-001, 6.5219258E-003
 2.1401222E+002, 3.0690999E+002,-1.2747701E+002,-9.2578242E+001,-8.6637040E+001,-8.1753137E-002, 0.0000000E+000, 0.0000000E+000, 0.0000000E+000, 4.5297103E-001, 1.3595273E-001, 6.5219258E-003
 2.1500459E+002, 3.0006016E+002,-1.2572994E+002,-8.5772970E+001,-8.8227287E+001,-3.7984213E-002, 0.0000000E+000, 0.0000000E+000, 0.0000000E+000, 6.4589873E-001, 2.9197824E-001, 6.5219258E-003
 2.1600674E+002, 2.9109461E+002,-1.2327545E+002,-7.9124847E+001,-8.8560266E+001,-3.2986797E-002, 0.0000000E+000, 0.0000000E+000, 0.0000000E+000, 3.5492684E-001, 1.0105902E-001, 6.5219258E-003
 2.1700732E+002, 3.0721484E+002,-1.2765255E+002,-9.2202745E+001,-8.7043829E+001,-5.2326773E-002, 0.0000000E+000, 0.0000000E+000, 0.0000000E+000, 5.1405328E-001, 2.6339063E-001, 6.5219258E-003
 2.1800006E+002, 3.0070622E+002,-1.2545238E+002,-8.7347439E+001,-8.8225903E+001,-1.3579713E-001, 0.0000000E+000, 0.0000000E+000, 0.0000000E+000, 3.1608333E-002,-4.5529606E-001, 6.5219258E-003
 2.1900917E+002, 3.0085261E+002,-1.2594620E+002,-8.6353304E+001,-8.8735283E+001,-8.0559621E-002, 0.0000000E+000, 0.0000000E+000, 0.0000000E+000, 2.0144166E-001,-2.6272810E-001, 6.5219258E-003
 2.2000314E+002, 3.0767122E+002,-1.2813400E+002,-9.0866743E+001,-8.8522422E+001,-1.1069335E-001, 0.0000000E+000, 0.0000000E+000, 0.0000000E+000, 6.3648062E-001, 3.7365986E-002, 6.5219258E-003
 2.2100638E+002, 2.9849830E+002,-1.2594391E+002,-8.3048856E+001,-8.9777844E+001,-7.1942749E-002, 0.0000000E+000, 0.0000000E+000, 0.0000000E+000, 2.1819870E-001,-3.4424837E-001, 6.5219258E-003
 2.2200171E+002, 2.9182583E+002,-1.2476598E+002,-7.5429653E+001,-9.0691860E+001,-1.5416084E-001, 0.0000000E+000, 0.0000000E+000, 0.0000000E+000, 1.5671324E+000, 7.8417436E-001, 6.5219258E-003
 2.2301291E+002, 3.0384970E+002,-1.2751249E+002,-8.7643592E+001,-9.0188815E+001,-1.1553264E-001, 0.0000000E+000, 0.0000000E+000, 0.0000000E+000,-7.3892124E-001,-1.6107315E+000, 6.5219258E-003
 2.2401004E+002, 3.0054675E+002,-1.2618156E+002,-8.4563779E+001,-8.9585343E+001,-4.1477375E-002, 0.0000000E+000, 0.0000000E+000, 0.0000000E+000, 7.2640570E-001, 1.7458236E-001, 6.5219258E-003
 2.2500697E+002, 2.9907892E+002,-1.2645295E+002,-8.2550163E+001,-9.0788781E+001,-8.2028276E-002, 0.0000000E+000, 0.0000000E+000, 0.0000000E+000,-1.6507090E-001,-7.9499545E-001, 6.5219258E-003
 2.2601060E+002, 3.0188287E+002,-1.2728376E+002,-8.4556075E+001,-8.9517692E+001,-4.2297677E-002, 0.0000000E+000, 0.0000000E+000, 0.0000000E+000, 1.0494654E+000, 4.8304282E-001, 6.5219258E-003
 2.2700168E+002, 2.8232309E+002,-1.2112490E+002,-7.2965214E+001,-8.8362780E+001, 1.3784056E-002, 0.0000000E+000, 0.0000000E+000, 0.0000000E+000, 1.9088113E-001,-1.1602441E-001, 6.5219258E-003
 2.2800131E+002, 3.1761594E+002,-1.3178070E+002,-9.6008643E+001,-8.8468071E+001,-5.7246859E-002, 0.0000000E+000, 0.0000000E+000, 0.0000000E+000, 1.7381278E+000, 1.3012852E+000, 6.5219258E-003
 2.2901367E+002, 2.9144893E+002,-1.2386289E+002,-7.7722950E+001,-9.0833638E+001,-7.7409265E-002, 0.0000000E+000, 0.0000000E+000, 0.0000000E+000,-4.1090384E-001,-1.0479588E+000, 6.5219258E-003
 2.3000954E+002, 2.9186444E+002,-1.2443369E+002,-7.5975790E+001,-9.1171266E+001,-4.6402552E-002, 0.0000000E+000, 0.0000000E+000, 0.0000000E+000, 5.7989818E-001, 2.3728863E-001, 6.5219258E-003
 2.3100563E+002, 3.1358385E+002,-1.3072478E+002,-9.1635937E+001,-9.0787980E+001,-8.6145363E-002, 0.0000000E+000, 0.0000000E+000, 0.0000000E+000, 7.8424784E-001, 3.4900866E-001, 6.5219258E-003
 2.3200783E+002, 2.9890046E+002,-1.2617656E+002,-8.3184939E+001,-8.9829167E+001,-1.1089425E-001, 0.0000000E+000, 0.0000000E+000, 0.0000000E+000, 2.3632477E-001,-4.0109760E-001, 6.5219258E-003
 2.3300684E+002, 3.0629980E+002,-1.2810442E+002,-8.9322963E+001,-8.9707992E+001,-3.4112768E-002, 0.0000000E+000, 0.0000000E+000, 0.0000000E+000,-3.9823508E-001,-8.6968436E-001, 6.5219258E-003
 2.3400963E+002, 3.0404547E+002,-1.2815619E+002,-8.5606234E+001,-9.0715886E+001,-5.3054600E-002, 0.0000000E+000, 0.0000000E+000, 0.0000000E+000, 4.1755629E-002,-4.8589545E-001, 6.5219258E-003
 2.3500986E+002, 2.9768522E+002,-1.2597363E+002,-8.1951153E+001,-9.0578757E+001,-1.0665726E-001, 0.0000000E+000, 0.0000000E+000, 0.0000000E+000,-1.0028486E-001,-9.2497009E-001, 6.5219258E-003
 2.3600812E+002, 2.9663262E+002,-1.2567398E+002,-8.1259325E+001,-8.9211519E+001,-7.3396471E-002, 0.0000000E+000, 0.0000000E+000, 0.0000000E+000, 8.8148541E-001, 4.1439657E-001, 6.5219258E-003
 2.3700113E+002, 2.9854498E+002,-1.2630673E+002,-8.3434174E+001,-8.9258659E+001,-6.0861284E-002, 0.0000000E+000, 0.0000000E+000, 0.0000000E+000, 7.0453225E-002,-5.1544934E-001, 6.5219258E-003
 2.3801378E+002, 2.9528625E+002,-1.2475658E+002,-8.1454827E+001,-8.8951141E+001,-4.2071074E-002, 0.0000000E+000, 0.0000000E+000, 0.0000000E+000, 4.1369769E-001, 8.1631999E-002, 6.5219258E-003
 2.3900655E+002, 3.0236334E+002,-1.2720148E+002,-8.6624673E+001,-8.8610700E+001,-4.9140345E-002, 0.0000000E+000, 0.0000000E+000, 0.0000000E+000, 2.2878527E-001,-1.2264988E-001, 6.5219258E-003
 2.4001270E+002, 2.9171680E+002,-1.2410956E+002,-8.0492599E+001,-8.6715579E+001,-3.5626829E-002, 0.0000000E+000, 0.0000000E+000, 0.0000000E+000, 5.0962014E-001, 3.6343443E-001, 6.5219258E-003
 2.4100504E+002, 2.9972291E+002,-1.2629077E+002,-8.6616274E+001,-8.6955693E+001,-2.5008719E-002, 0.0000000E+000, 0.0000000E+000, 0.0000000E+000, 1.5148313E-001,-1.6483719E-001, 6.5219258E-003
 2.4201321E+002, 3.0939146E+002,-1.2929007E+002,-9.0434733E+001,-8.9261898E+001, 1.1246064E-002, 0.0000000E+000, 0.0000000E+000, 0.0000000E+000, 5.4767731E-001, 4.1600436E-001, 6.5219258E-003
 2.4301016E+002, 2.8881481E+002,-1.2323561E+002,-7.5751020E+001,-8.9490998E+001,-1.4619521E-002, 0.0000000E+000, 0.0000000E+000, 0.0000000E+000, 6.0567160E-001, 3.2255955E-001, 6.5219258E-003
 2.4400041E+002, 3.1172238E+002,-1.2997354E+002,-9.0684772E+001,-9.0147956E+001,-7.6676187E-002, 0.0000000E+000, 0.0000000E+000, 0.0000000E+000, 1.1945896E+000, 8.3943708E-001, 6.5219258E-003
 2.4500130E+002, 3.0596816E+002,-1.2898500E+002,-8.5103997E+001,-9.2551868E+001,-5.1462506E-002, 0.0000000E+000, 0.0000000E+000, 0.0000000E+000,-2.4330469E-001,-7.2417428E-001, 6.5219258E-003
 2.4600880E+002, 2.9077977E+002,-1.2437285E+002,-7.5247736E+001,-9.1659735E+001, 1.0733029E-003, 0.0000000E+000, 0.0000000E+000, 0.0000000E+000, 1.5201090E-002,-4.9947303E-001, 6.5219258E-003
 2.4700693E+002, 3.0214133E+002,-1.2782739E+002,-8.4713989E+001,-9.0099093E+001,-3.6283882E-002, 0.0000000E+000, 0.0000000E+000, 0.0000000E+000,-3.9867570E-002,-5.3542527E-001, 6.5219258E-003
 2.4800945E+002, 3.0277685E+002,-1.2774915E+002,-8.5183934E+001,-9.0101126E+001,-4.2762621E-002, 0.0000000E+000, 0.0000000E+000, 0.0000000E+000, 2.5354863E-001,-3.0012356E-001, 6.5219258E-003
 2.4900862E+002, 3.0004799E+002,-1.2733341E+002,-8.2791253E+001,-8.9562553E+001,-1.4635418E-001, 0.0000000E+000, 0.0000000E+000, 0.0000000E+000, 8.6405177E-001, 2.1441488E-001, 6.5219258E-003
 2.5000620E+002, 2.9898029E+002,-1.2653140E+002,-8.3630565E+001,-8.8972995E+001,-1.2141632E-001, 0.0000000E+000, 0.0000000E+000, 0.0000000E+000, 2.2521744E-001,-2.7609159E-001, 6.5219258E-003
 2.5100545E+002, 3.0026576E+002,-1.2734167E+002,-8.4362936E+001,-8.8773135E+001,-5.3011726E-002, 0.0000000E+000, 0.0000000E+000, 0.0000000E+000, 4.1598366E-001,-2.6499457E-001, 6.5219258E-003
 2.5200740E+002, 2.9519812E+002,-1.2524355E+002,-8.2251727E+001,-8.8351363E+001,-7.8435095E-002, 0.0000000E+000, 0.0000000E+000, 0.0000000E+000,-1.4733345E-001,-7.2695410E-001, 6.5219258E-003
 2.5300040E+002, 3.0457075E+002,-1.2824451E+002,-8.8857847E+001,-8.7318905E+001,-4.8212239E-002, 0.0000000E+000, 0.0000000E+000, 0.0000000E+000, 4.3409425E-001, 1.0127378E-001, 6.5219258E-003
 2.5401256E+002, 2.9752239E+002,-1.2651547E+002,-8.2051901E+001,-8.8420250E+001,-1.1807514E-001, 0.0000000E+000, 0.0000000E+000, 0.0000000E+000, 1.1458692E+000, 4.1669466E-001, 6.5219258E-003
 2.5501259E+002, 3.0746409E+002,-1.2961270E+002,-8.7780705E+001,-9.0221017E+001,-1.0019597E-001, 0.0000000E+000, 0.0000000E+000, 0.0000000E+000, 3.1214614E-001,-2.5053014E-001, 6.5219258E-003
 2.5600198E+002, 2.9347997E+002,-1.2509155E+002,-7.9993927E+001,-8.9558406E+001,-1.3532918E-001, 0.0000000E+000, 0.0000000E+000, 0.0000000E+000,-5.1330640E-001,-1.2992407E+000, 6.5219258E-003
 2.5701315E+002, 3.0885355E+002,-1.2938299E+002,-9.0496613E+001,-8.8756135E+001,-1.2148518E-001, 0.0000000E+000, 0.0000000E+000, 0.0000000E+000, 6.5431211E-001, 9.6326242E-002, 6.5219258E-003
 2.5801428E+002, 2.9687489E+002,-1.2607320E+002,-8.2506310E+001,-8.9586015E+001,-2.0318022E-001, 0.0000000E+000, 0.0000000E+000, 0.0000000E+000,-5.6457987E-001,-1.4938173E+000, 6.5219258E-003
 2.5900183E+002, 3.0241118E+002,-1.2786853E+002,-8.5248267E+001,-8.8732206E+001,-1.4489917E-001, 0.0000000E+000, 0.0000000E+000, 0.0000000E+000, 1.0015046E+000, 4.1728628E-001, 6.5219258E-003
 2.6000723E+002, 2.8647006E+002,-1.2297644E+002,-7.5413030E+001,-8.8826594E+001,-1.3530335E-001, 0.0000000E+000, 0.0000000E+000, 0.0000000E+000,-1.6705658E-001,-8.8131209E-001, 6.5219258E-003
 2.6100366E+002, 3.0671597E+002,-1.2858578E+002,-9.0227108E+001,-8.8408519E+001,-2.1155900E-001, 0.0000000E+000, 0.0000000E+000, 0.0000000E+000,-2.0989270E-002,-7.1699743E-001, 6.5219258E-003
 2.6201114E+002, 3.0389710E+002,-1.2819288E+002,-8.9041589E+001,-8.6819502E+001,-5.5081182E-002, 0.0000000E+000, 0.0000000E+000, 0.0000000E+000, 8.2892979E-002,-2.1195647E-001, 6.5219258E-003
 2.6300778E+002, 2.8805293E+002,-1.2343958E+002,-7.8191173E+001,-8.6291694E+001,-3.2345634E-002, 0.0000000E+000, 0.0000000E+000, 0.0000000E+000, 4.5547472E-001, 9.8137736E-002, 6.5219258E-003
 2.6400250E+002, 3.0665705E+002,-1.2849414E+002,-8.9642722E+001,-8.8471433E+001,-2.6755728E-002, 0.0000000E+000, 0.0000000E+000, 0.0000000E+000, 3.8798860E-001, 2.2002336E-002, 6.5219258E-003
 2.6501035E+002, 2.8380946E+002,-1.2282595E+002,-7.0766835E+001,-9.0235039E+001,-1.2441055E-001, 0.0000000E+000, 0.0000000E+000, 0.0000000E+000, 3.7798554E-001,-1.4277759E-001, 6.5219258E-003
 2.6601016E+002, 3.0951888E+002,-1.2998209E+002,-9.0595252E+001,-8.9034097E+001,-1.4051839E-001, 0.0000000E+000, 0.0000000E+000, 0.0000000E+000, 4.9966741E-001,-2.3307161E-001, 6.5219258E-003
 2.6700433E+002, 2.9484602E+002,-1.2538443E+002,-8.1328029E+001,-8.8944233E+001,-1.1349399E-001, 0.0000000E+000, 0.0000000E+000, 0.0000000E+000,-4.8667884E-001,-9.2416574E-001, 6.5219258E-003
 2.6800415E+002, 2.9423651E+002,-1.2497797E+002,-8.0761513E+001,-8.8816735E+001,-3.7206691E-002, 0.0000000E+000, 0.0000000E+000, 0.0000000E+000, 2.6326850E-002,-3.5691589E-001, 6.5219258E-003
 2.6900940E+002, 2.9805272E+002,-1.2700845E+002,-8.0800997E+001,-8.9302397E+001,-3.2991838E-002, 0.0000000E+000, 0.0000000E+000, 0.0000000E+000, 1.3026802E+000, 9.0788807E-001, 6.5219258E-003
 2.7000372E+002, 3.1063149E+002,-1.3004400E+002,-9.1158997E+001,-9.0183890E+001,-3.4622613E-002, 0.0000000E+000, 0.0000000E+000, 0.0000000E+000,-1.7630794E-001,-7.9002441E-001, 6.5219258E-003
 2.7100262E+002, 3.0628761E+002,-1.2904823E+002,-8.6594542E+001,-9.0275160E+001,-4.4446925E-002, 0.0000000E+000, 0.0000000E+000, 0.0000000E+000, 5.9270819E-001, 3.2523000E-001, 6.5219258E-003
 2.7200711E+002, 3.0554176E+002,-1.2789762E+002,-8.9236031E+001,-8.9078382E+001,-3.2688255E-003, 0.0000000E+000, 0.0000000E+000, 0.0000000E+000,-6.3928579E-001,-6.7353661E-001, 6.5219258E-003
 2.7301041E+002, 3.0107398E+002,-1.2763377E+002,-8.3046328E+001,-8.9362860E+001,-9.0188460E-002, 0.0000000E+000, 0.0000000E+000, 0.0000000E+000, 1.4239996E+000, 9.4082860E-001, 6.5219258E-003
 2.7400330E+002, 3.0021383E+002,-1.2767723E+002,-8.2312573E+001,-9.0706117E+001,-1.1776782E-001, 0.0000000E+000, 0.0000000E+000, 0.0000000E+000, 5.1297169E-002,-5.9985472E-001, 6.5219258E-003
 2.7501096E+002, 2.8951224E+002,-1.2410704E+002,-7.5490837E+001,-9.0289981E+001,-1.0583509E-001, 0.0000000E+000, 0.0000000E+000, 0.0000000E+000, 8.2869980E-002,-4.8145611E-001, 6.5219258E-003
 2.7600583E+002, 2.9780182E+002,-1.2633463E+002,-8.3886597E+001,-8.7542323E+001,-6.0808442E-002, 0.0000000E+000, 0.0000000E+000, 0.0000000E+000, 3.1278777E-001,-2.2540161E-002, 6.5219258E-003
 2.7701166E+002, 2.9034823E+002,-1.2380441E+002,-7.9234539E+001,-8.7528653E+001,-1.2374633E-001, 0.0000000E+000, 0.0000000E+000, 0.0000000E+000, 2.2272551E-001,-3.4312028E-001, 6.5219258E-003
 2.7800000E+002, 3.0236861E+002,-1.2716537E+002,-8.5312545E+001,-8.9073776E+001,-2.2511849E-002, 0.0000000E+000, 0.0000000E+000, 0.0000000E+000, 9.4203517E-001, 7.9440718E-001, 6.5219258E-003
 2.7900479E+002, 3.1351082E+002,-1.3075530E+002,-9.1322378E+001,-9.1131353E+001,-2.3124609E-002, 0.0000000E+000, 0.0000000E+000, 0.0000000E+000, 7.0936896E-001, 2.7865542E-001, 6.5219258E-003
 2.8000330E+002, 2.9226213E+002,-1.2480785E+002,-7.6820300E+001,-9.1457994E+001,-7.8314710E-002, 0.0000000E+000, 0.0000000E+000, 0.0000000E+000,-3.8062167E-001,-9.0233155E-001, 6.5219258E-003
 2.8100516E+002, 2.9606263E+002,-1.2621727E+002,-7.9248051E+001,-9.0810164E+001,-1.3500367E-001, 0.0000000E+000, 0.0000000E+000, 0.0000000E+000, 1.6401684E-001,-3.4786487E-001, 6.5219258E-003
 2.8200629E+002, 2.9377269E+002,-1.2545862E+002,-7.6554669E+001,-9.1649845E+001,-1.4931315E-001, 0.0000000E+000, 0.0000000E+000, 0.0000000E+000, 6.4822824E-001,-3.9751237E-002, 6.5219258E-003
 2.8301349E+002, 3.0251281E+002,-1.2776423E+002,-8.3550087E+001,-9.1393243E+001,-1.0282746E-001, 0.0000000E+000, 0.0000000E+000, 0.0000000E+000, 1.4224307E-001,-2.9758126E-001, 6.5219258E-003
 2.8400876E+002, 2.9855039E+002,-1.2694636E+002,-7.9801092E+001,-9.1554747E+001,-6.0166532E-002, 0.0000000E+000, 0.0000000E+000, 0.0000000E+000, 6.4039770E-001, 1.8802127E-001, 6.5219258E-003
 2.8500461E+002, 2.9939080E+002,-1.2732746E+002,-7.9372484E+001,-9.2735233E+001,-1.4370428E-001, 0.0000000E+000, 0.0000000E+000, 0.0000000E+000, 2.0789705E-001,-1.8808934E-001, 6.5219258E-003
 2.8600702E+002, 2.9415890E+002,-1.2574032E+002,-7.7435006E+001,-9.1112389E+001,-1.5415694E-001, 0.0000000E+000, 0.0000000E+000, 0.0000000E+000, 2.2123943E-001,-2.8297401E-001, 6.5219258E-003
 2.8700897E+002, 3.0477988E+002,-1.2842786E+002,-8.5449679E+001,-9.0762386E+001,-1.3415776E-001, 0.0000000E+000, 0.0000000E+000, 0.0000000E+000, 5.4986581E-001, 5.7901888E-003, 6.5219258E-003
 2.8800119E+002, 3.0588164E+002,-1.2891889E+002,-8.4360095E+001,-9.2644697E+001,-8.6936149E-002, 0.0000000E+000, 0.0000000E+000, 0.0000000E+000, 3.2436156E-001,-1.2897880E-001, 6.5219258E-003
 2.8900949E+002, 2.8904936E+002,-1.2409672E+002,-7.1274367E+001,-9.4047951E+001,-9.7196466E-002, 0.0000000E+000, 0.0000000E+000, 0.0000000E+000,-9.8392460E-002,-4.6688133E-001, 6.5219258E-003
 2.9001062E+002, 2.9662573E+002,-1.2600284E+002,-7.8267759E+001,-9.2844106E+001,-8.7704236E-002, 0.0000000E+000, 0.0000000E+000, 0.0000000E+000,-2.2045116E-001,-5.7667285E-001, 6.5219258E-003
 2.9100748E+002, 2.9536535E+002,-1.2632148E+002,-7.8524255E+001,-9.0713849E+001,-9.4792344E-002, 0.0000000E+000, 0.0000000E+000, 0.0000000E+000,-2.1041087E-002,-2.8902752E-001, 6.5219258E-003
 2.9200537E+002, 3.0540108E+002,-1.2895454E+002,-8.5747425E+001,-9.0293151E+001,-9.6164387E-002, 0.0000000E+000, 0.0000000E+000, 0.0000000E+000, 7.2466512E-001, 3.0979457E-001, 6.5219258E-003
 2.9300507E+002, 3.1418641E+002,-1.3174933E+002,-9.1491210E+001,-8.9943941E+001, 5.0421296E-002, 0.0000000E+000, 0.0000000E+000, 0.0000000E+000, 1.0633119E+000, 1.0523478E+000, 6.5219258E-003
 2.9400964E+002, 2.9420131E+002,-1.2564970E+002,-7.7133016E+001,-9.1774126E+001, 8.2440776E-003, 0.0000000E+000, 0.0000000E+000, 0.0000000E+000, 6.7588108E-003,-3.4728643E-001, 6.5219258E-003
 2.9500845E+002, 3.0510061E+002,-1.2898286E+002,-8.4291960E+001,-9.1722020E+001,-2.1367840E-002, 0.0000000E+000, 0.0000000E+000, 0.0000000E+000, 3.8791440E-001, 8.2402923E-002, 6.5219258E-003
 2.9601071E+002, 3.0017063E+002,-1.2699347E+002,-8.2740813E+001,-9.1464869E+001,-7.5885825E-002, 0.0000000E+000, 0.0000000E+000, 0.0000000E+000,-9.0908289E-001,-1.1044053E+000, 6.5219258E-003
 2.9700671E+002, 3.0463052E+002,-1.2878319E+002,-8.4200570E+001,-9.0857858E+001,-1.0369228E-001, 0.0000000E+000, 0.0000000E+000, 0.0000000E+000, 1.0189916E+000, 6.8520936E-001, 6.5219258E-003
 2.9800629E+002, 2.9336091E+002,-1.2603384E+002,-7.5827283E+001,-9.1717305E+001,-1.0574631E-001, 0.0000000E+000, 0.0000000E+000, 0.0000000E+000, 1.9810670E-001,-3.2326146E-001, 6.5219258E-003
 2.9901047E+002, 2.9898645E+002,-1.2755763E+002,-7.9209852E+001,-9.1836523E+001,-2.6247886E-001, 0.0000000E+000, 0.0000000E+000, 0.0000000E+000, 8.3235120E-001, 1.1996431E-001, 6.5219258E-003
 3.0000192E+002, 3.0207082E+002,-1.2834817E+002,-8.2833543E+001,-9.1410037E+001,-5.9669431E-002, 0.0000000E+000, 0.0000000E+000, 0.0000000E+000,-2.3368175E-001,-5.8060850E-001, 6.5219258E-003
